﻿<?xml version="1.0" encoding="utf-8" ?>
<Sections>
  <JobSetup>A1</JobSetup>
  <Metals>G1</Metals>
  <MiscMetals>A26</MiscMetals>
  <Slope>A46</Slope>
  <OverriddenSlope>A55</OverriddenSlope>
  <UrethaneSlope>A57</UrethaneSlope>
  <OverriddenUrethaneSlope>A66</OverriddenUrethaneSlope>
  <SystemMaterials>G41</SystemMaterials>
  <OtherSystemMaterials>A82</OtherSystemMaterials>
  <SubSystemMaterials>A68</SubSystemMaterials>
  <LaborOtherCosts>A104</LaborOtherCosts>
  <CostSummary>G77</CostSummary>
  <LaborHours>A75</LaborHours>
  <MaterialOtherCostTotal>A102</MaterialOtherCostTotal>
  <LaborOtherCostTotal>A124</LaborOtherCostTotal>
  <CostCalculationDetails>G86</CostCalculationDetails>
</Sections>